relative_path,file_name,size_bytes,sha256,md5,integrity_status,tool,tool_version,audit_timestamp_utc
com.quickpay.wallet/AndroidManifest.xml,AndroidManifest.xml,1232,45fb117030e70460b534d73c90ea382d41354839057bda7d22b490f52f51496f,65a8dc7e94f7b55bb9ab18b41922dbc6,VERIFIED_MATCH,AndroidTriageEngine,1.2.0-DF-PBL-025,2026-10-07T15:42:21.448285+00:00
com.quickpay.wallet/databases/transactions.db,transactions.db,12288,3ed0fec1117370c6c912823c3f83812dc42c8b0514677dd3f8074c8ecf5301ea,e24800ae16ee63e1173c63c5ecc8ff59,VERIFIED_MATCH,AndroidTriageEngine,1.2.0-DF-PBL-025,2026-10-07T15:42:21.448414+00:00
com.quickpay.wallet/shared_prefs/wallet_config.xml,wallet_config.xml,332,1fe0b8be8b2d99acc8b2cad9a77f35942df9b3da335df4cff11be45825510862,c43c410f3272de87e1d5f75d46891498,VERIFIED_MATCH,AndroidTriageEngine,1.2.0-DF-PBL-025,2026-10-07T15:42:21.448488+00:00
com.citycommute.rides/AndroidManifest.xml,AndroidManifest.xml,1170,f1d85c3cad3a801fd7a573d12c061d396e5ea8cb427aabf41eee621ab171bfd6,3068ce3994ac9f38f670bc63a93122c6,VERIFIED_MATCH,AndroidTriageEngine,1.2.0-DF-PBL-025,2026-10-07T15:42:21.448555+00:00
com.citycommute.rides/databases/trips.db,trips.db,12288,556fd188c4b23ad79885078e94c554da7790e9e7ae946d572645d6b1fdf4ead8,916988f69ff97bba7d6e1c98108f9a51,VERIFIED_MATCH,AndroidTriageEngine,1.2.0-DF-PBL-025,2026-10-07T15:42:21.448668+00:00
com.citycommute.rides/shared_prefs/rider_settings.xml,rider_settings.xml,325,85332aeb45b784578944ba0f8c5d501e20daf9e9efe7b4e424c896535963e2a5,2a0eec78081de6d987013b11fb9cefd7,VERIFIED_MATCH,AndroidTriageEngine,1.2.0-DF-PBL-025,2026-10-07T15:42:21.448729+00:00
com.securechat.messenger/AndroidManifest.xml,AndroidManifest.xml,1449,ce18e7e2a9823780d6e1160dea0beefca54966ce202119a159c8bb31f7015ed4,c9e172c686dff2b37cf8bab01c7a38eb,VERIFIED_MATCH,AndroidTriageEngine,1.2.0-DF-PBL-025,2026-10-07T15:42:21.448792+00:00
com.securechat.messenger/databases/chat_history.db,chat_history.db,20480,8faec70ffa29d4593c05bedafdb8f46a1cbef941eed77369866cda76336d08c9,ef1451796db856547237bc9fd22d1bf0,VERIFIED_MATCH,AndroidTriageEngine,1.2.0-DF-PBL-025,2026-10-07T15:42:21.448925+00:00
com.securechat.messenger/databases/contacts.db,contacts.db,12288,5ee8351a12cc4492bf2d31c80966e4a3d0cf3a0fbe820a918dacdb5712eb9ceb,0f1f93e998f62ad248a6578f7ceeb7f3,VERIFIED_MATCH,AndroidTriageEngine,1.2.0-DF-PBL-025,2026-10-07T15:42:21.449000+00:00
com.securechat.messenger/shared_prefs/user_session.xml,user_session.xml,393,10f78b3a36dd1f60f17412616f12c37d2744aedf2047677726ced53b909966fe,8ecdd0de34f5298593a64e32ee83c2a3,VERIFIED_MATCH,AndroidTriageEngine,1.2.0-DF-PBL-025,2026-10-07T15:42:21.449061+00:00
com.stealth.calc_vault/AndroidManifest.xml,AndroidManifest.xml,1492,80ebabfa9e0c5568684a8e3139cd5da9709cb73ef971f1750065c6798cecfe7d,deeee2a956184b1f66e6723b94cccd17,VERIFIED_MATCH,AndroidTriageEngine,1.2.0-DF-PBL-025,2026-10-07T15:42:21.449126+00:00
com.stealth.calc_vault/databases/vault_index.db,vault_index.db,12288,163ccda5913f8df3c3d145a234ce8e1cc0447564bed4fb7bbe63e1a3dff6019c,f90283305bebba2b1ac59c15259b8347,VERIFIED_MATCH,AndroidTriageEngine,1.2.0-DF-PBL-025,2026-10-07T15:42:21.449229+00:00
com.stealth.calc_vault/shared_prefs/vault_config.xml,vault_config.xml,423,8c23ed5ead23a746d1a96f0a8e75ad687736cd9d9df1d921def7d506d73b78e1,535a81f9d702e0be015c584bf6564a24,VERIFIED_MATCH,AndroidTriageEngine,1.2.0-DF-PBL-025,2026-10-07T15:42:21.449284+00:00
