timestamp_epoch,timestamp_utc,timestamp_ist,app_package,artifact_type,source_artifact,details,forensic_significance
1716282900,2024-05-21 09:15:00 UTC,2024-05-21 14:45:00 IST,com.citycommute.rides,Ride Geolocation,trips.db::trip_records,Ride from Connaught Place Inner Circle to DLF CyberCity Building 10 with Mohd. Shakeel (DL1Z-CD-8899),Corroborates suspect physical presence at rendezvous site (Cyber Park Gate 3)
1716295200,2024-05-21 12:40:00 UTC,2024-05-21 18:10:00 IST,com.quickpay.wallet,Financial Transaction,transactions.db::ledger,CREDIT 100000.0 INR to QP_WALLET_8831 (Top-up from primary account) - Status: SUCCESS,Fund movement matching chat coordination notes
1716379200,2024-05-22 12:00:00 UTC,2024-05-22 17:30:00 IST,com.stealth.calc_vault,Concealed Vault File,vault_index.db::hidden_files,Added confidential file 'swiss_bank_kyc.pdf' -> /sdcard/.calculator_hidden/f7a90b1.bin (AES-256-CBC),Evidence of anti-forensic data concealment and sensitive document hoarding
1716379500,2024-05-22 12:05:00 UTC,2024-05-22 17:35:00 IST,com.stealth.calc_vault,Concealed Vault File,vault_index.db::hidden_files,Added confidential file 'passwords_backup.kdbx' -> /sdcard/.calculator_hidden/d8c11e4.bin (AES-256-GCM),Evidence of anti-forensic data concealment and sensitive document hoarding
1716380100,2024-05-22 12:15:00 UTC,2024-05-22 17:45:00 IST,com.stealth.calc_vault,Concealed Vault File,vault_index.db::hidden_files,Added confidential file 'client_ledger_confidential.xlsx' -> /sdcard/.calculator_hidden/a1b2c3d.bin (AES-256-CBC),Evidence of anti-forensic data concealment and sensitive document hoarding
1716380400,2024-05-22 12:20:00 UTC,2024-05-22 17:50:00 IST,com.securechat.messenger,Chat Message,chat_history.db::messages,"[self -> +91-9123456780] Hey Vikram, did you review the Q3 financial statement? (Status: READ)",Direct communication coordinating financial movement & physical meeting
1716380520,2024-05-22 12:22:00 UTC,2024-05-22 17:52:00 IST,com.securechat.messenger,Chat Message,chat_history.db::messages,"[+91-9123456780 -> self] Yes Aryan, look at the encrypted offshore transfer notes. (Status: READ)",Direct communication coordinating financial movement & physical meeting
1716380600,2024-05-22 12:23:20 UTC,2024-05-22 17:53:20 IST,com.securechat.messenger,Chat Message,chat_history.db::messages,[self -> +91-9123456780] Got it. Transfer scheduled for 14:00 UTC via QuickPay. (Status: READ),Direct communication coordinating financial movement & physical meeting
1716381000,2024-05-22 12:30:00 UTC,2024-05-22 18:00:00 IST,com.securechat.messenger,Chat Message,chat_history.db::messages,[+91-9988776655 -> self] Emergency meet at Cyber Park gate 3 at 15:30. (Status: DELIVERED),Direct communication coordinating financial movement & physical meeting
1716381060,2024-05-22 12:31:00 UTC,2024-05-22 18:01:00 IST,com.securechat.messenger,Chat Message,chat_history.db::messages,[self -> +91-9988776655] On my way. Booking cab now. (Status: SENT),Direct communication coordinating financial movement & physical meeting
1716381600,2024-05-22 12:40:00 UTC,2024-05-22 18:10:00 IST,com.quickpay.wallet,Financial Transaction,transactions.db::ledger,DEBIT 75000.0 INR to QP_WALLET_1044 (Vikram M) (Project Consulting Milestone 1) - Status: SUCCESS,Fund movement matching chat coordination notes
1716382100,2024-05-22 12:48:20 UTC,2024-05-22 18:18:20 IST,com.quickpay.wallet,Financial Transaction,transactions.db::ledger,DEBIT 420.5 INR to MERCHANT_902 (CityCommute) (Trip payment commute) - Status: SUCCESS,Fund movement matching chat coordination notes
1716390300,2024-05-22 15:05:00 UTC,2024-05-22 20:35:00 IST,com.citycommute.rides,Ride Geolocation,trips.db::trip_records,"Ride from Block C, Sector 62, Noida to Cyber Park Gate 3, Sector 62 with Ramesh Kumar (UP16-AB-4321)",Corroborates suspect physical presence at rendezvous site (Cyber Park Gate 3)
